City_ID,City,Lat,Lng,Max Temp,Humidity,Cloudiness,Wind Speed,Country,Date
0,Tuktoyaktuk,69.4541,-133.0374,41.0,93,100,29.93,CA,2022-09-05 17:28:06
1,Atuona,-9.8,-139.0333,76.46,68,32,23.24,PF,2022-09-05 17:28:06
2,Hobart,-42.8794,147.3294,44.46,91,100,10.36,AU,2022-09-05 17:27:34
3,Hithadhoo,-0.6,73.0833,81.97,72,97,15.9,MV,2022-09-05 17:28:07
4,Katsuura,35.1333,140.3,78.69,83,19,5.7,JP,2022-09-05 17:28:07
5,Wanning,18.8003,110.3967,78.94,76,43,3.13,CN,2022-09-05 17:28:07
6,Luderitz,-26.6481,15.1594,61.25,54,0,28.16,NA,2022-09-05 17:28:08
7,Severobaykalsk,55.65,109.3167,46.47,86,100,2.08,RU,2022-09-05 17:28:08
8,Chany,55.3121,76.7647,52.11,67,100,9.01,RU,2022-09-05 17:28:08
9,Young,-32.6833,-57.6333,65.28,46,0,5.23,UY,2022-09-05 17:28:08
10,Codrington,-38.2667,141.9667,40.93,92,92,7.94,AU,2022-09-05 17:28:09
11,Zhezkazgan,47.8043,67.7144,84.54,17,77,8.08,KZ,2022-09-05 17:28:09
12,Barrow,71.2906,-156.7887,35.62,100,100,3.44,US,2022-09-05 17:28:09
13,Brownsville,25.9018,-97.4975,78.98,92,75,8.05,US,2022-09-05 17:28:00
14,Qaanaaq,77.484,-69.3632,43.36,93,100,9.98,GL,2022-09-05 17:28:09
15,Iqaluit,63.7506,-68.5145,44.33,56,75,4.61,CA,2022-09-05 17:28:10
16,Avarua,-21.2078,-159.775,73.45,83,75,5.75,CK,2022-09-05 17:28:10
17,Busselton,-33.65,115.3333,48.33,82,75,0.98,AU,2022-09-05 17:28:10
18,Minab,27.1467,57.0801,91.72,43,0,4.61,IR,2022-09-05 17:28:11
19,Suntar,62.1444,117.6319,44.47,91,99,7.02,RU,2022-09-05 17:28:11
20,Maragogi,-9.0122,-35.2225,78.49,74,34,15.14,BR,2022-09-05 17:28:11
21,Sarkand,45.41,79.9186,71.87,24,0,8.21,KZ,2022-09-05 17:28:11
22,Antigonish,45.6169,-61.9986,70.95,72,100,5.01,CA,2022-09-05 17:24:51
23,Castro,-24.7911,-50.0119,64.35,57,83,5.39,BR,2022-09-05 17:28:12
24,East London,-33.0153,27.9116,58.14,72,0,13.8,ZA,2022-09-05 17:28:12
25,Saint-Augustin,51.226,-58.6502,58.48,60,97,11.1,CA,2022-09-05 17:28:12
26,Sorland,67.667,12.6934,51.66,74,82,7.29,NO,2022-09-05 17:28:12
27,Madisonville,37.3281,-87.4989,82.26,79,100,3.53,US,2022-09-05 17:27:44
28,Teknaf,20.8624,92.3058,82.11,83,94,3.74,BD,2022-09-05 17:28:13
29,Ushuaia,-54.8,-68.3,44.22,61,40,18.41,AR,2022-09-05 17:28:13
30,Mataura,-46.1927,168.8643,25.11,97,89,2.39,NZ,2022-09-05 17:28:13
31,Dunyapur,29.7995,71.7196,87.6,44,0,6.08,PK,2022-09-05 17:28:14
32,Agadez,19.75,10.25,100.96,12,0,5.77,NE,2022-09-05 17:28:14
33,Phuket,8.0,98.25,86.09,78,40,8.05,TH,2022-09-05 17:25:52
34,Sisimiut,66.9395,-53.6735,42.19,79,70,32.17,GL,2022-09-05 17:28:14
35,Bengkulu,-3.8004,102.2655,77.05,85,100,3.13,ID,2022-09-05 17:28:15
36,Carnarvon,-24.8667,113.6333,63.81,57,88,16.22,AU,2022-09-05 17:28:15
37,Lugovoy,42.9472,72.7644,74.59,21,0,3.58,KZ,2022-09-05 17:28:15
38,Usinsk,65.9939,57.5281,43.36,93,100,11.83,RU,2022-09-05 17:28:15
39,Ostrovnoy,68.0531,39.5131,45.27,91,100,21.9,RU,2022-09-05 17:28:16
40,Scarborough,54.2797,-0.4044,74.91,63,97,7.0,GB,2022-09-05 17:27:27
41,Lakes Entrance,-37.8811,147.981,37.17,89,19,4.09,AU,2022-09-05 17:28:16
42,Lubango,-14.9172,13.4925,73.26,35,75,4.61,AO,2022-09-05 17:28:16
43,Punta Arenas,-53.15,-70.9167,42.91,70,0,23.02,CL,2022-09-05 17:27:31
44,Prince Rupert,54.3161,-130.3201,55.49,84,100,12.66,CA,2022-09-05 17:26:15
45,Kapaa,22.0752,-159.319,76.1,91,13,10.67,US,2022-09-05 17:29:17
46,Male,4.1748,73.5089,80.55,89,75,17.27,MV,2022-09-05 17:29:17
47,Inta,66.0317,60.1659,42.12,92,100,16.53,RU,2022-09-05 17:29:17
48,Talnakh,69.4865,88.3972,43.21,96,100,7.36,RU,2022-09-05 17:29:17
49,Puerto Ayora,-0.7393,-90.3518,76.96,88,99,8.01,EC,2022-09-05 17:29:18
50,Mahebourg,-20.4081,57.7,70.09,83,40,12.66,MU,2022-09-05 17:29:18
51,Tammisaari,59.9736,23.4339,49.89,72,5,7.27,FI,2022-09-05 17:29:18
52,Port Elizabeth,-33.918,25.5701,60.1,66,0,23.02,ZA,2022-09-05 17:29:19
53,Chokurdakh,70.6333,147.9167,40.28,70,99,11.65,RU,2022-09-05 17:29:19
54,Saldanha,-33.0117,17.9442,57.25,69,12,10.11,ZA,2022-09-05 17:29:19
55,San Quintin,30.4833,-115.95,77.29,78,70,8.59,MX,2022-09-05 17:29:19
56,Torbay,47.6666,-52.7314,69.89,82,100,4.61,CA,2022-09-05 17:29:20
57,Narsaq,60.9167,-46.05,55.62,81,98,3.78,GL,2022-09-05 17:29:20
58,Mar Del Plata,-38.0023,-57.5575,77.02,67,0,13.0,AR,2022-09-05 17:29:20
59,Vaini,-21.2,-175.2,64.56,100,20,1.14,TO,2022-09-05 17:29:21
60,Rio Gallegos,-51.6226,-69.2181,53.65,47,75,21.85,AR,2022-09-05 17:29:21
61,Komsomolskiy,40.4272,71.7189,75.92,35,2,6.91,UZ,2022-09-05 17:29:21
62,Butaritari,3.0707,172.7902,81.18,80,95,14.56,KI,2022-09-05 17:29:21
63,Areosa,41.7178,-8.8571,68.32,79,25,10.54,PT,2022-09-05 17:29:22
64,Albany,42.6001,-73.9662,65.37,91,100,1.92,US,2022-09-05 17:28:57
65,Samarai,-10.6167,150.6667,80.13,81,16,8.32,PG,2022-09-05 17:29:22
66,Puerto Leguizamo,-0.1934,-74.7819,79.9,68,99,3.47,CO,2022-09-05 17:29:22
67,Provideniya,64.3833,-173.3,45.0,97,96,3.38,RU,2022-09-05 17:29:22
68,Chapais,49.7834,-74.8492,62.38,33,49,3.8,CA,2022-09-05 17:29:23
69,Cape Town,-33.9258,18.4232,56.26,66,75,8.05,ZA,2022-09-05 17:27:03
70,La Ronge,55.1001,-105.2842,75.42,56,20,5.75,CA,2022-09-05 17:29:23
71,Upernavik,72.7868,-56.1549,43.41,94,100,27.87,GL,2022-09-05 17:29:23
72,Constitucion,-35.3333,-72.4167,63.86,56,97,5.66,CL,2022-09-05 17:29:24
73,Port Hardy,50.6996,-127.4199,55.58,94,75,8.05,CA,2022-09-05 17:29:24
74,Rikitea,-23.1203,-134.9692,72.64,64,100,19.66,PF,2022-09-05 17:29:24
75,Daru,-9.0763,143.2092,77.13,89,82,14.47,PG,2022-09-05 17:29:24
76,Saint George,37.1041,-113.5841,94.78,21,0,5.75,US,2022-09-05 17:29:25
77,Hovd,48.0056,91.6419,63.07,28,7,2.82,MN,2022-09-05 17:29:25
78,Olafsvik,64.8945,-23.7142,51.93,66,100,5.99,IS,2022-09-05 17:29:25
79,Tiksi,71.6872,128.8694,42.17,68,99,20.15,RU,2022-09-05 17:29:26
80,Pevek,69.7008,170.3133,33.12,99,100,11.56,RU,2022-09-05 17:29:26
81,Los Llanos De Aridane,28.6585,-17.9182,74.12,85,75,12.66,ES,2022-09-05 17:29:26
82,Port Alfred,-33.5906,26.891,57.18,69,1,4.0,ZA,2022-09-05 17:29:26
83,Vila Franca Do Campo,37.7167,-25.4333,77.41,64,98,7.78,PT,2022-09-05 17:29:27
84,Sur,22.5667,59.5289,88.16,54,26,7.14,OM,2022-09-05 17:29:27
85,Guatajiagua,13.6667,-88.2,85.93,85,88,2.21,SV,2022-09-05 17:29:27
86,Airai,-8.9266,125.4092,56.79,78,69,1.77,TL,2022-09-05 17:29:27
87,Lebu,-37.6167,-73.65,56.7,65,100,7.96,CL,2022-09-05 17:29:28
88,New Norfolk,-42.7826,147.0587,44.1,80,51,2.3,AU,2022-09-05 17:30:28
89,Bredasdorp,-34.5322,20.0403,52.39,72,46,16.2,ZA,2022-09-05 17:30:28
90,Hualmay,-11.0964,-77.6139,66.76,66,38,9.17,PE,2022-09-05 17:30:29
91,Cidreira,-30.1811,-50.2056,62.02,76,43,12.82,BR,2022-09-05 17:30:29
92,Toora-Khem,52.4675,96.11,46.54,85,48,0.65,RU,2022-09-05 17:30:29
93,Kiratpur,29.5167,78.2,81.77,60,0,4.59,IN,2022-09-05 17:30:29
94,Tocopilla,-22.092,-70.1979,68.68,55,15,5.17,CL,2022-09-05 17:30:30
95,Yellowknife,62.456,-114.3525,54.12,87,100,13.8,CA,2022-09-05 17:29:08
96,Yuxia,34.0615,108.6291,66.81,30,11,8.37,CN,2022-09-05 17:30:30
97,Kenai,60.5544,-151.2583,49.14,98,100,3.44,US,2022-09-05 17:30:30
98,Hilo,19.7297,-155.09,81.28,87,75,4.61,US,2022-09-05 17:30:31
99,Chuy,-33.6971,-53.4616,63.1,50,0,4.99,UY,2022-09-05 17:30:31
100,Dikson,73.5069,80.5464,36.25,77,100,26.11,RU,2022-09-05 17:30:31
101,Jamestown,42.097,-79.2353,73.94,91,100,4.61,US,2022-09-05 17:29:25
102,Fort Nelson,58.8053,-122.7002,47.79,87,75,9.22,CA,2022-09-05 17:30:32
103,Souillac,-20.5167,57.5167,70.18,83,40,12.66,MU,2022-09-05 17:30:32
104,Georgetown,5.4112,100.3354,81.9,88,20,2.3,MY,2022-09-05 17:28:43
105,Liverpool,53.4106,-2.9779,70.61,70,20,14.97,GB,2022-09-05 17:26:37
106,Kongsvinger,60.1905,11.9977,63.46,88,71,2.86,NO,2022-09-05 17:30:32
107,Tiznit,29.5833,-9.5,76.24,47,36,7.45,MA,2022-09-05 17:30:33
108,Zatoka,46.0725,30.4654,65.34,50,20,8.63,UA,2022-09-05 17:30:33
109,Ucluelet,48.9329,-125.5528,60.1,93,38,1.01,CA,2022-09-05 17:30:33
110,Mountain Home,43.133,-115.6912,76.48,22,0,5.75,US,2022-09-05 17:30:33
111,Port-Cartier,50.0334,-66.8654,61.75,45,79,8.7,CA,2022-09-05 17:30:34
112,Shetpe,44.1667,52.1167,64.45,66,54,16.75,KZ,2022-09-05 17:30:34
113,Baleshwar,21.4942,86.9317,82.99,81,37,9.01,IN,2022-09-05 17:30:34
114,Ormara,25.2088,64.6357,79.93,84,3,11.1,PK,2022-09-05 17:30:35
115,Marsa Matruh,31.3525,27.2453,80.02,75,0,12.15,EG,2022-09-05 17:30:35
116,Pierre,44.3683,-100.351,85.28,34,0,8.05,US,2022-09-05 17:30:35
117,Yeppoon,-23.1333,150.7333,56.98,76,22,9.93,AU,2022-09-05 17:30:35
118,Biysk,52.5364,85.2072,57.97,37,69,6.38,RU,2022-09-05 17:30:36
119,Grindavik,63.8424,-22.4338,57.67,58,0,10.36,IS,2022-09-05 17:30:36
120,Mount Isa,-20.7333,139.5,53.37,62,0,1.14,AU,2022-09-05 17:30:36
121,Shemgang,27.2169,90.6579,59.54,97,100,3.18,BT,2022-09-05 17:30:36
122,Batemans Bay,-35.7167,150.1833,42.94,89,10,5.03,AU,2022-09-05 17:27:44
123,Hofn,64.2539,-15.2082,64.42,59,20,10.36,IS,2022-09-05 17:30:37
124,Lavrentiya,65.5833,-171.0,42.64,92,100,5.48,RU,2022-09-05 17:30:37
125,Khanewal,30.3,71.9333,86.74,48,0,5.44,PK,2022-09-05 17:30:37
126,Lagoa,39.05,-27.9833,72.19,70,98,4.21,PT,2022-09-05 17:30:38
127,Severo-Kurilsk,50.6789,156.125,52.32,95,96,8.77,RU,2022-09-05 17:30:38
128,Celestun,20.8667,-90.4,88.23,57,22,6.89,MX,2022-09-05 17:30:38
129,Ribeira Grande,38.5167,-28.7,75.6,69,40,3.44,PT,2022-09-05 17:30:39
130,Balabac,7.9868,117.0645,77.31,91,100,20.51,PH,2022-09-05 17:30:39
131,Santiago Del Estero,-27.7951,-64.2615,79.32,12,0,5.79,AR,2022-09-05 17:30:39
132,Langsa,4.4683,97.9683,74.5,96,100,2.06,ID,2022-09-05 17:31:40
133,Salalah,17.0151,54.0924,77.99,90,86,7.45,OM,2022-09-05 17:31:40
134,Richards Bay,-28.783,32.0377,66.83,75,1,11.27,ZA,2022-09-05 17:31:40
135,Poum,-20.2333,164.0167,71.38,71,100,21.32,NC,2022-09-05 17:31:41
136,Fria,10.4167,-13.5833,75.22,90,89,3.94,GN,2022-09-05 17:31:41
137,Ponta Do Sol,32.6667,-17.1,79.12,48,66,3.36,PT,2022-09-05 17:31:41
138,Araouane,18.9048,-3.5265,106.65,13,30,11.34,ML,2022-09-05 17:31:41
139,Palana,59.1167,159.9667,36.21,72,0,2.24,RU,2022-09-05 17:31:42
140,Keti Bandar,24.1447,67.4497,81.37,76,78,13.94,PK,2022-09-05 17:31:42
141,Asau,46.4333,26.4,59.92,72,98,3.51,RO,2022-09-05 17:31:42
142,Carutapera,-1.195,-46.02,86.52,60,31,12.1,BR,2022-09-05 17:31:42
143,Bluff,-46.6,168.3333,39.63,69,72,9.53,NZ,2022-09-05 17:31:43
144,Talara,-4.5772,-81.2719,74.16,64,0,13.8,PE,2022-09-05 17:31:43
145,Nikolskoye,59.7035,30.7861,49.91,72,88,2.64,RU,2022-09-05 17:31:44
146,Cabral,18.25,-71.2167,91.26,70,40,14.97,DO,2022-09-05 17:31:44
147,Shu,43.5983,73.7614,75.67,18,0,5.17,KZ,2022-09-05 17:31:44
148,Salta,-24.7859,-65.4117,74.57,24,0,8.05,AR,2022-09-05 17:31:44
149,Mount Gambier,-37.8333,140.7667,42.37,89,100,6.04,AU,2022-09-05 17:31:45
150,Svetlogorsk,52.6333,29.7333,51.28,57,92,6.26,BY,2022-09-05 17:31:45
151,Kobelyaky,49.1489,34.1965,53.49,58,65,3.58,UA,2022-09-05 17:31:45
152,Ilulissat,69.2167,-51.1,44.62,87,75,3.44,GL,2022-09-05 17:31:45
153,Hermanus,-34.4187,19.2345,55.8,77,43,16.64,ZA,2022-09-05 17:31:46
154,Alofi,-19.0595,-169.9187,71.49,94,40,4.61,NU,2022-09-05 17:31:46
155,Laguna,38.421,-121.4238,101.64,26,0,10.36,US,2022-09-05 17:27:24
156,Tessalit,20.1986,1.0114,103.93,10,4,7.27,ML,2022-09-05 17:31:46
157,Lazaro Cardenas,17.9583,-102.2,79.14,84,100,8.77,MX,2022-09-05 17:31:46
158,Riyadh,24.6877,46.7219,96.94,9,0,6.51,SA,2022-09-05 17:30:41
159,Khatanga,71.9667,102.5,43.41,79,100,10.38,RU,2022-09-05 17:31:47
160,Tasiilaq,65.6145,-37.6368,44.76,91,56,5.3,GL,2022-09-05 17:31:47
161,Hobyo,5.3505,48.5268,76.01,82,36,26.53,SO,2022-09-05 17:31:47
162,Bilibino,68.0546,166.4372,32.83,95,99,4.0,RU,2022-09-05 17:31:48
163,Redmond,47.674,-122.1215,67.57,77,84,3.0,US,2022-09-05 17:30:43
164,Krasnoselkup,65.7,82.4667,42.39,92,100,13.04,RU,2022-09-05 17:31:48
165,Parczew,51.6402,22.9006,61.41,43,12,8.43,PL,2022-09-05 17:31:48
166,Wenatchee,47.4235,-120.3103,75.97,37,0,19.57,US,2022-09-05 17:29:06
167,Acapulco,16.8634,-99.8901,76.82,88,100,9.22,MX,2022-09-05 17:27:39
168,Zhangye,38.9342,100.4517,65.8,28,40,5.48,CN,2022-09-05 17:31:49
169,Huarmey,-10.0681,-78.1522,68.18,67,47,11.21,PE,2022-09-05 17:31:49
170,Clyde River,70.4692,-68.5914,37.63,93,100,13.8,CA,2022-09-05 17:31:49
171,Necochea,-38.5473,-58.7368,72.63,31,0,11.48,AR,2022-09-05 17:31:50
172,Bathsheba,13.2167,-59.5167,79.41,94,75,18.41,BB,2022-09-05 17:31:50
173,Sagua La Grande,22.8067,-80.0756,90.59,51,16,11.36,CU,2022-09-05 17:31:50
174,Margaritas,20.4538,-102.4739,82.38,45,76,5.7,MX,2022-09-05 17:31:50
175,Benjamin Constant,-4.3831,-70.0311,78.93,83,100,3.44,BR,2022-09-05 17:31:51
176,Rocha,-34.4833,-54.3333,66.78,46,0,6.02,UY,2022-09-05 17:31:51
177,Salekhard,66.53,66.6019,39.25,91,98,7.54,RU,2022-09-05 17:31:51
178,Bilma,18.6853,12.9164,99.27,15,4,5.48,NE,2022-09-05 17:31:51
179,Port Blair,11.6667,92.75,78.84,89,75,8.05,IN,2022-09-05 17:31:52
180,Chipinge,-20.1883,32.6236,63.73,42,0,5.99,ZW,2022-09-05 17:31:52
181,Velikiy Novgorod,58.5167,31.2833,44.1,82,70,6.08,RU,2022-09-05 17:32:52
182,Tiarei,-17.5333,-149.3333,73.42,75,6,16.53,PF,2022-09-05 17:32:53
183,Lakatoro,-16.0999,167.4164,76.87,85,92,5.03,VU,2022-09-05 17:32:53
184,Karratha,-20.7377,116.8463,67.55,45,0,12.73,AU,2022-09-05 17:32:53
185,Paciran,-6.8767,112.3761,78.51,82,91,6.17,ID,2022-09-05 17:32:53
186,Vinukonda,16.05,79.75,84.2,72,37,4.54,IN,2022-09-05 17:32:54
187,Acarau,-2.8856,-40.12,85.55,60,23,22.37,BR,2022-09-05 17:31:08
188,Irtyshskiy,58.3333,68.1333,43.48,78,90,4.85,RU,2022-09-05 17:32:54
189,Kavieng,-2.5744,150.7967,80.94,71,21,12.73,PG,2022-09-05 17:32:54
190,Vao,-22.6667,167.4833,67.57,63,100,15.46,NC,2022-09-05 17:32:55
191,Myrtle Beach,33.6891,-78.8867,89.28,75,20,10.36,US,2022-09-05 17:31:12
192,Salamiyah,35.0113,37.0532,77.67,50,0,10.27,SY,2022-09-05 17:32:55
193,Fairbanks,64.8378,-147.7164,50.09,87,100,1.99,US,2022-09-05 17:32:01
194,Harper,4.375,-7.7169,76.78,86,54,10.45,LR,2022-09-05 17:32:55
195,Qasigiannguit,68.8193,-51.1922,44.85,96,100,10.31,GL,2022-09-05 17:32:55
196,Chicama,-7.8447,-79.1469,63.14,55,37,9.06,PE,2022-09-05 17:32:56
197,Sao Joao Da Barra,-21.6403,-41.0511,73.49,62,100,9.6,BR,2022-09-05 17:32:56
198,Noumea,-22.2763,166.4572,62.58,69,100,7.85,NC,2022-09-05 17:30:42
199,Inongo,-1.95,18.2667,73.38,76,39,2.26,CD,2022-09-05 17:32:56
200,Shubarshi,48.5872,57.1869,65.32,48,98,17.83,KZ,2022-09-05 17:32:57
201,Waitati,-45.75,170.5667,36.81,74,55,5.93,NZ,2022-09-05 17:32:57
202,Caravelas,-17.7125,-39.2481,73.08,77,84,12.66,BR,2022-09-05 17:32:57
203,Kahului,20.8947,-156.47,79.84,73,20,10.36,US,2022-09-05 17:32:57
204,Hefei,31.8639,117.2808,73.42,83,0,4.47,CN,2022-09-05 17:32:58
205,Walvis Bay,-22.9575,14.5053,65.35,55,0,10.36,NA,2022-09-05 17:32:58
206,Arraial Do Cabo,-22.9661,-42.0278,71.46,60,75,11.5,BR,2022-09-05 17:31:45
207,Laredo,27.5064,-99.5075,82.69,78,40,3.44,US,2022-09-05 17:31:14
208,Bambous Virieux,-20.3428,57.7575,70.05,83,40,12.66,MU,2022-09-05 17:32:58
209,Jaguaruna,-28.615,-49.0256,66.36,68,41,11.81,BR,2022-09-05 17:32:58
210,Lokoja,7.8024,6.743,78.26,83,43,4.56,NG,2022-09-05 17:32:28
211,Vitim,59.4511,112.5578,46.71,82,100,8.7,RU,2022-09-05 17:32:59
212,Pisco,-13.7,-76.2167,64.02,88,100,8.05,PE,2022-09-05 17:30:57
213,Podbrdo,44.4408,17.0139,58.64,81,86,1.12,BA,2022-09-05 17:32:59
214,Vestmannaeyjar,63.4427,-20.2734,58.19,77,0,9.22,IS,2022-09-05 17:32:59
215,Asosa,10.0667,34.5333,60.24,95,100,3.67,ET,2022-09-05 17:33:00
216,Saint-Philippe,-21.3585,55.7679,71.19,83,47,14.67,RE,2022-09-05 17:33:00
217,Saskylakh,71.9167,114.0833,41.81,68,98,14.38,RU,2022-09-05 17:33:00
218,Kununurra,-15.7667,128.7333,67.98,60,100,4.61,AU,2022-09-05 17:33:00
219,Lookan,5.037,120.1027,78.69,82,100,6.91,PH,2022-09-05 17:33:01
220,Puerto Ayacucho,5.6639,-67.6236,81.1,81,99,3.42,VE,2022-09-05 17:33:01
221,Bairiki,1.3292,172.9752,78.8,89,20,11.5,KI,2022-09-05 17:33:01
222,Katherine,-14.4667,132.2667,70.12,40,4,4.61,AU,2022-09-05 17:33:02
223,Machiques,10.0644,-72.545,85.71,67,100,3.27,VE,2022-09-05 17:33:02
224,Hami,42.8,93.45,78.3,14,0,8.21,CN,2022-09-05 17:33:02
225,Lieksa,63.3167,30.0167,48.83,75,100,8.75,FI,2022-09-05 17:33:03
226,Vestmanna,62.1564,-7.1664,56.32,88,75,26.46,FO,2022-09-05 17:33:03
227,Khairpur Nathan Shah,27.0936,67.7337,89.94,53,0,3.15,PK,2022-09-05 17:34:03
228,San Patricio,28.017,-97.5169,82.18,83,100,1.45,US,2022-09-05 17:34:04
229,Bonavista,48.6499,-53.1147,65.25,80,94,7.34,CA,2022-09-05 17:34:04
230,Ibra,22.6906,58.5334,87.71,37,8,8.9,OM,2022-09-05 17:34:04
231,Envira,-7.3,-70.2167,96.31,19,17,5.08,BR,2022-09-05 17:34:04
232,Yulara,-25.2406,130.9889,62.96,33,78,14.63,AU,2022-09-05 17:34:05
233,Victoria,22.2855,114.1577,89.19,64,22,6.33,HK,2022-09-05 17:30:09
234,Paka,4.6374,103.4368,78.73,94,100,0.0,MY,2022-09-05 17:34:05
235,Kaitangata,-46.2817,169.8464,32.56,90,77,9.15,NZ,2022-09-05 17:34:05
236,Bundaberg,-24.85,152.35,56.21,94,61,1.99,AU,2022-09-05 17:34:06
237,Salaga,8.5508,-0.5188,78.06,86,55,4.36,GH,2022-09-05 17:34:06
238,Tan An,10.5333,106.4167,80.62,95,100,3.74,VN,2022-09-05 17:34:06
239,Robertsport,6.7533,-11.3686,79.23,81,58,10.27,LR,2022-09-05 17:34:07
240,Cayenne,4.9333,-52.3333,89.64,62,40,14.97,GF,2022-09-05 17:34:07
241,Port Hedland,-20.3167,118.5667,66.25,82,0,10.36,AU,2022-09-05 17:34:07
242,Dunedin,-45.8742,170.5036,36.81,74,78,5.01,NZ,2022-09-05 17:30:09
243,Inuvik,68.3499,-133.7218,42.01,96,100,17.27,CA,2022-09-05 17:34:07
244,Mayo,38.8876,-76.5119,88.34,75,20,11.5,US,2022-09-05 17:30:35
245,Kruisfontein,-34.0033,24.7314,57.88,67,4,23.96,ZA,2022-09-05 17:34:08
246,Southwick,42.0548,-72.7704,75.45,93,100,6.91,US,2022-09-05 17:34:08
247,Camacha,33.0833,-16.3333,74.62,65,20,9.22,PT,2022-09-05 17:34:08
248,Ewa Beach,21.3156,-158.0072,79.43,74,0,6.91,US,2022-09-05 17:29:46
249,Andilamena,-17.0167,48.5833,57.69,92,61,9.86,MG,2022-09-05 17:34:09
250,Anadyr,64.75,177.4833,37.9,100,75,15.66,RU,2022-09-05 17:34:09
251,Maneadero,31.7167,-116.5667,81.1,80,63,4.0,MX,2022-09-05 17:34:10
252,Thompson,55.7435,-97.8558,75.36,57,20,9.22,CA,2022-09-05 17:34:10
253,Moerai,-22.4333,-151.3333,73.62,79,47,19.75,PF,2022-09-05 17:34:10
254,Milkovo,54.7167,158.6167,49.41,76,100,6.53,RU,2022-09-05 17:34:11
255,Zheshart,62.0731,49.5733,42.62,82,100,4.5,RU,2022-09-05 17:34:11
256,Palmer,42.1584,-72.3287,73.2,84,100,6.91,US,2022-09-05 17:34:11
257,Husavik,66.0449,-17.3389,56.25,70,100,4.07,IS,2022-09-05 17:34:11
258,Gasa,31.5,34.4667,79.88,69,0,3.98,PS,2022-09-05 17:32:57
259,Astana,51.1801,71.446,73.35,33,20,11.18,KZ,2022-09-05 17:34:12
260,Escanaba,45.7453,-87.0646,71.51,59,0,6.91,US,2022-09-05 17:34:12
261,Mapimi,25.8167,-103.85,65.95,84,100,6.62,MX,2022-09-05 17:34:12
262,Port Hueneme,34.1478,-119.1951,102.52,54,0,13.8,US,2022-09-05 17:34:13
263,Aviles,43.5547,-5.9248,77.38,64,20,6.91,ES,2022-09-05 17:34:13
264,Maksatikha,57.797,35.8825,42.76,87,95,5.32,RU,2022-09-05 17:34:13
265,Bandar-E Lengeh,26.5579,54.8807,89.71,79,0,6.91,IR,2022-09-05 17:34:14
266,Raga,8.4596,25.678,71.91,94,63,3.69,SS,2022-09-05 17:34:14
267,Ziarat,30.3823,67.7282,62.82,63,0,2.57,PK,2022-09-05 17:34:14
268,Port Keats,-14.25,129.55,71.46,85,28,1.81,AU,2022-09-05 17:34:15
269,Vila Velha,-20.3297,-40.2925,71.55,82,75,10.36,BR,2022-09-05 17:34:15
270,Longyearbyen,78.2186,15.6401,40.84,81,75,6.91,SJ,2022-09-05 17:34:16
271,Sao Miguel,-5.4667,-35.3667,79.57,73,57,19.75,BR,2022-09-05 17:34:16
272,Honningsvag,70.9821,25.9704,47.95,87,75,17.27,NO,2022-09-05 17:35:16
273,Wamba,8.9333,8.6,74.95,89,71,4.18,NG,2022-09-05 17:35:17
274,Lompoc,34.6391,-120.4579,97.7,40,0,3.44,US,2022-09-05 17:30:58
275,Port Lincoln,-34.7333,135.8667,53.28,79,50,11.7,AU,2022-09-05 17:35:17
276,Yaan,7.3833,8.5667,76.26,88,60,5.91,NG,2022-09-05 17:35:17
277,Marawi,7.9986,124.2928,68.16,94,100,2.13,PH,2022-09-05 17:35:17
278,San Carlos De Bariloche,-41.1456,-71.3082,58.75,26,0,9.22,AR,2022-09-05 17:35:18
279,Ahipara,-35.1667,173.1667,52.7,74,66,23.24,NZ,2022-09-05 17:35:18
280,Gizo,-8.103,156.8419,80.29,78,53,4.16,SB,2022-09-05 17:35:18
281,Cherskiy,68.75,161.3,36.97,93,100,7.45,RU,2022-09-05 17:35:19
282,Hirara,24.8,125.2833,83.73,82,100,17.87,JP,2022-09-05 17:35:19
283,Olga,43.7444,135.2892,63.25,99,100,3.78,RU,2022-09-05 17:35:19
284,Dhidhdhoo,6.8833,73.1,78.98,81,100,26.96,MV,2022-09-05 17:35:19
285,Rawlins,41.7911,-107.2387,82.35,17,0,5.75,US,2022-09-05 17:35:20
286,Mareeba,-17.0,145.4333,63.32,88,9,1.7,AU,2022-09-05 17:35:20
287,Kismayo,-0.3582,42.5454,75.16,80,1,16.71,SO,2022-09-05 17:35:20
288,La Grande,45.3246,-118.0877,77.02,32,29,5.48,US,2022-09-05 17:33:19
289,Tooele,40.5308,-112.2983,93.29,15,0,5.26,US,2022-09-05 17:35:21
290,Xining,36.6167,101.7667,48.6,60,3,3.0,CN,2022-09-05 17:35:21
291,Bethanien,-26.502,17.1583,59.63,26,0,10.36,NA,2022-09-05 17:35:21
292,Aasiaat,68.7098,-52.8699,40.32,81,100,29.68,GL,2022-09-05 17:35:22
293,Nara,34.6851,135.8049,81.91,62,95,5.28,JP,2022-09-05 17:35:22
294,Linxia,35.6003,103.2064,57.36,50,91,4.97,CN,2022-09-05 17:35:22
295,Camamu,-13.9447,-39.1039,78.17,53,6,9.04,BR,2022-09-05 17:35:22
296,Golden,39.7555,-105.2211,92.21,21,20,3.44,US,2022-09-05 17:35:23
297,Waingapu,-9.6567,120.2641,76.26,83,92,5.06,ID,2022-09-05 17:34:06
298,Watertown,42.3709,-71.1828,70.41,94,100,16.11,US,2022-09-05 17:31:59
299,Cuiluan,47.72,128.648,53.62,95,100,1.74,CN,2022-09-05 17:35:23
300,Stornoway,58.2093,-6.3865,67.03,78,20,4.61,GB,2022-09-05 17:35:23
301,Koumac,-20.5667,164.2833,68.65,74,100,12.59,NC,2022-09-05 17:35:24
302,Bethel,41.3712,-73.414,82.72,75,100,3.44,US,2022-09-05 17:35:24
303,Zhigansk,66.7697,123.3711,40.86,67,100,13.53,RU,2022-09-05 17:35:24
304,Manavalakurichi,8.1333,77.3,76.98,88,89,14.99,IN,2022-09-05 17:35:25
305,Murgab,37.4966,61.9714,84.07,26,0,6.91,TM,2022-09-05 17:35:25
306,Chesma,53.8111,60.6533,47.17,79,93,12.5,RU,2022-09-05 17:35:25
307,Vallenar,-28.5708,-70.7581,84.76,10,0,4.7,CL,2022-09-05 17:35:25
308,Angoche,-16.2325,39.9086,74.43,75,0,11.45,MZ,2022-09-05 17:35:26
309,Labuhan,-6.8844,112.2051,78.04,82,98,6.69,ID,2022-09-05 17:35:26
310,Tuatapere,-46.1333,167.6833,37.78,84,100,4.59,NZ,2022-09-05 17:35:26
311,Beidao,34.5686,105.8933,63.61,44,80,3.04,CN,2022-09-05 17:35:27
312,Siderno,38.2779,16.302,79.34,74,0,1.1,IT,2022-09-05 17:35:27
313,Banjarmasin,-3.3244,114.591,73.54,97,100,3.67,ID,2022-09-05 17:35:27
314,Buala,-8.145,159.5921,78.85,83,36,4.65,SB,2022-09-05 17:35:27
315,Te Anau,-45.4167,167.7167,28.87,93,93,0.31,NZ,2022-09-05 17:35:28
316,Atasu,48.6814,71.6433,76.53,23,49,6.46,KZ,2022-09-05 17:35:28
317,Kirakira,-10.4544,161.9205,77.41,87,55,4.92,SB,2022-09-05 17:36:28
318,Severodvinsk,64.5635,39.8302,48.31,88,99,8.1,RU,2022-09-05 17:36:29
319,Puerto Maldonado,-12.6,-69.1833,86.4,30,0,9.22,PE,2022-09-05 17:36:29
320,Novobirilyussy,56.9514,90.6661,45.16,77,90,5.19,RU,2022-09-05 17:36:29
321,Adre,13.4667,22.2,68.49,83,87,15.79,TD,2022-09-05 17:36:29
322,Eidfjord,60.4675,7.0719,64.26,62,60,4.85,NO,2022-09-05 17:36:30
323,Marzuq,14.4,46.4667,83.46,56,58,6.62,YE,2022-09-05 17:36:30
324,Foumban,5.7291,10.9001,64.2,96,100,4.12,CM,2022-09-05 17:36:30
325,Bastia,42.6667,9.3333,84.0,83,0,4.61,FR,2022-09-05 17:36:30
326,Lasa,46.6166,10.7002,72.48,86,58,0.63,IT,2022-09-05 17:36:31
327,Karaton,-6.3424,106.1045,73.74,93,95,0.54,ID,2022-09-05 17:36:31
328,Vardo,70.3705,31.1107,46.38,87,100,13.8,NO,2022-09-05 17:36:31
329,Grand-Lahou,5.1367,-5.0242,75.85,87,56,8.39,CI,2022-09-05 17:36:32
330,Bambanglipuro,-7.95,110.2833,75.92,90,99,5.44,ID,2022-09-05 17:36:32
331,Belaya Gora,68.5333,146.4167,38.73,71,100,8.52,RU,2022-09-05 17:36:32
332,Porto Nacional,-10.7081,-48.4172,96.8,17,12,5.61,BR,2022-09-05 17:36:32
333,Anchorage,61.2181,-149.9003,53.98,89,100,3.44,US,2022-09-05 17:33:43
334,Komsomolets,53.7453,62.0708,50.18,79,100,13.73,KZ,2022-09-05 17:36:33
335,Erin,36.3184,-87.6947,81.1,67,100,4.59,US,2022-09-05 17:36:33
336,Mehamn,71.0357,27.8492,46.35,87,75,19.57,NO,2022-09-05 17:36:33
337,Athabasca,54.7169,-113.2854,54.01,31,100,11.54,CA,2022-09-05 17:36:33
338,Isangel,-19.55,169.2667,73.36,91,100,5.79,VU,2022-09-05 17:36:34
339,Geraldton,-28.7667,114.6,55.81,88,75,8.05,AU,2022-09-05 17:36:34
340,Zalantun,48.0,122.7167,44.96,86,57,4.03,CN,2022-09-05 17:36:34
341,Cenotillo,20.9667,-88.6167,87.91,45,14,5.48,MX,2022-09-05 17:36:35
342,Lubu,23.1742,112.2809,79.65,65,98,1.88,CN,2022-09-05 17:36:35
343,Qaqortoq,60.7167,-46.0333,44.58,91,99,7.31,GL,2022-09-05 17:36:35
344,Tromso,69.6496,18.957,48.22,76,75,11.5,NO,2022-09-05 17:36:35
345,Margate,51.3813,1.3862,71.31,79,100,3.0,GB,2022-09-05 17:36:36
346,Vapnyarka,48.5348,28.7436,57.88,74,48,6.11,UA,2022-09-05 17:36:36
347,Faanui,-16.4833,-151.75,78.75,73,9,15.03,PF,2022-09-05 17:36:36
348,Ancud,-41.8697,-73.8203,53.22,74,100,12.06,CL,2022-09-05 17:36:36
349,Lata,40.1629,-8.3327,74.07,63,39,9.55,PT,2022-09-05 17:36:37
350,Vanimo,-2.6741,141.3028,78.01,88,82,5.08,PG,2022-09-05 17:36:37
351,Urumqi,43.801,87.6005,74.35,22,0,2.24,CN,2022-09-05 17:36:37
352,Changying,52.8733,123.3213,52.39,97,100,11.21,CN,2022-09-05 17:36:37
353,Eyl,7.9803,49.8164,77.0,78,27,22.32,SO,2022-09-05 17:36:38
354,Kudahuvadhoo,2.6708,72.8944,82.63,74,100,19.91,MV,2022-09-05 17:36:38
355,Sobolevo,54.4299,31.8996,42.64,83,91,6.6,RU,2022-09-05 17:36:38
356,Nanortalik,60.1432,-45.2371,44.06,93,100,7.29,GL,2022-09-05 17:36:38
357,Apricena,41.7839,15.4437,82.22,66,10,4.81,IT,2022-09-05 17:36:39
358,Havre-Saint-Pierre,50.2334,-63.5986,62.96,51,0,11.5,CA,2022-09-05 17:36:39
359,Hasaki,35.7333,140.8333,75.29,85,52,5.99,JP,2022-09-05 17:36:39
360,Luganville,-15.5333,167.1667,76.39,87,76,2.19,VU,2022-09-05 17:36:39
361,Edd,13.9297,41.6925,90.18,73,15,7.65,ER,2022-09-05 17:36:40
362,Amazar,53.858,120.875,54.12,96,95,8.86,RU,2022-09-05 17:36:40
363,Kloulklubed,7.0419,134.2556,77.5,72,59,5.17,PW,2022-09-05 17:36:40
364,Bongandanga,1.5,21.05,76.15,78,97,3.31,CD,2022-09-05 17:37:41
365,Beinamar,8.6698,15.3813,71.85,93,48,2.68,TD,2022-09-05 17:37:41
366,Ambon,-3.6954,128.1814,77.23,15,40,3.44,ID,2022-09-05 17:32:56
367,Guerrero Negro,27.9769,-114.0611,81.61,70,5,13.06,MX,2022-09-05 17:37:41
368,Nelson,-41.2833,173.2833,38.28,61,14,1.01,NZ,2022-09-05 17:34:45
369,Lucapa,-8.4192,20.7447,78.84,48,73,1.92,AO,2022-09-05 17:37:41
370,Woodward,36.4337,-99.3904,85.96,39,0,10.36,US,2022-09-05 17:37:42
371,Itarema,-2.9248,-39.9167,84.61,62,19,21.09,BR,2022-09-05 17:37:42
372,Kaihua,23.3687,104.28,60.96,75,58,3.96,CN,2022-09-05 17:37:42
373,Batagay-Alyta,67.8006,130.4114,33.94,70,0,4.09,RU,2022-09-05 17:37:43
374,Ulagan,50.6321,87.9563,53.6,79,48,0.72,RU,2022-09-05 17:37:43
375,Norman Wells,65.282,-126.8329,50.04,76,100,20.71,CA,2022-09-05 17:37:43
376,Kibala,9.1104,18.3463,82.35,74,20,0.0,TD,2022-09-05 17:37:44
377,Meulaboh,4.1363,96.1285,76.73,83,100,1.99,ID,2022-09-05 17:37:44
378,Wajir,1.7471,40.0573,84.16,42,0,0.0,KE,2022-09-05 17:37:44
379,College,64.8569,-147.8028,50.07,88,75,0.0,US,2022-09-05 17:37:44
380,Paris,48.8534,2.3488,84.97,58,75,12.66,FR,2022-09-05 17:36:57
381,Kosovo Polje,42.6394,21.0961,67.96,82,0,4.61,XK,2022-09-05 17:37:45
382,Benbrook,32.6732,-97.4606,88.0,62,20,6.91,US,2022-09-05 17:37:45
383,Puerto Madero,14.7208,-92.4215,86.2,66,75,0.0,MX,2022-09-05 17:37:45
384,Shimoda,34.6667,138.95,76.1,81,20,5.57,JP,2022-09-05 17:37:46
385,Laranjeiras Do Sul,-25.4078,-52.4161,57.88,87,97,2.8,BR,2022-09-05 17:37:46
386,Gari,59.4307,62.3497,38.43,89,70,4.59,RU,2022-09-05 17:37:46
387,Ondjiva,-17.0667,15.7333,87.84,11,0,5.75,AO,2022-09-05 17:37:46
388,Wielun,51.221,18.5696,61.9,38,99,9.28,PL,2022-09-05 17:37:47
389,Acajutla,13.5928,-89.8275,81.79,79,97,5.44,SV,2022-09-05 17:37:47
390,Muhos,64.808,25.9931,49.78,85,98,4.5,FI,2022-09-05 17:37:47
391,Prainha,-1.8,-53.48,95.86,35,58,4.72,BR,2022-09-05 17:37:47
392,Irituia,-1.7711,-47.4381,87.84,52,51,4.45,BR,2022-09-05 17:37:48
393,Det Udom,14.906,105.0784,76.82,94,94,3.67,TH,2022-09-05 17:37:48
394,Tianpeng,30.9866,103.9393,66.67,60,36,4.25,CN,2022-09-05 17:37:48
395,Gawler,-34.6,138.7333,52.21,73,99,6.87,AU,2022-09-05 17:37:49
396,Cabo San Lucas,22.8909,-109.9124,93.61,71,40,3.44,MX,2022-09-05 17:37:49
397,Cairns,-16.9167,145.7667,67.95,85,100,5.75,AU,2022-09-05 17:37:50
398,Vilyuysk,63.7553,121.6247,43.3,96,100,4.88,RU,2022-09-05 17:37:50
399,Kapit,2.0167,112.9333,72.12,99,100,2.13,MY,2022-09-05 17:37:50
400,Tres Arroyos,-38.3739,-60.2798,75.74,20,0,16.35,AR,2022-09-05 17:37:50
401,Cowra,-33.8333,148.6833,40.86,86,66,5.12,AU,2022-09-05 17:37:51
402,San Cristobal,7.7669,-72.225,80.78,43,79,8.41,VE,2022-09-05 17:37:51
403,Paamiut,61.994,-49.6678,40.08,99,100,3.36,GL,2022-09-05 17:37:51
404,Le Port,-20.9373,55.2919,71.6,69,55,5.48,RE,2022-09-05 17:37:51
405,Snezhnogorsk,69.1933,33.2531,46.18,90,100,25.05,RU,2022-09-05 17:37:52
406,Taoudenni,22.6783,-3.9836,107.94,12,62,6.35,ML,2022-09-05 17:37:52
407,Mitsamiouli,-11.3847,43.2844,73.69,68,20,12.66,KM,2022-09-05 17:38:52
408,Olbia,40.9214,9.4856,82.45,69,0,9.22,IT,2022-09-05 17:38:53
409,Namibe,-15.1961,12.1522,64.36,87,18,2.64,AO,2022-09-05 17:38:53
410,Warrnambool,-38.3833,142.4833,44.64,85,96,9.66,AU,2022-09-05 17:38:53
411,Nola,40.922,14.5329,82.31,68,3,4.83,IT,2022-09-05 17:38:53
412,North Bend,43.4065,-124.2243,71.92,85,40,8.05,US,2022-09-05 17:38:54
413,Bataipora,-22.2953,-53.2711,75.16,44,75,4.41,BR,2022-09-05 17:38:54
414,Esperance,-33.8667,121.9,55.24,90,84,11.61,AU,2022-09-05 17:38:54
415,Port Stanley,-51.7,-57.85,57.49,78,100,13.22,FK,2022-09-05 17:38:54
416,Bubaque,11.2833,-15.8333,80.78,76,80,8.19,GW,2022-09-05 17:38:55
417,Dingle,10.9995,122.6711,76.55,93,100,4.68,PH,2022-09-05 17:38:55
418,Rognan,67.0953,15.3878,51.94,83,81,4.94,NO,2022-09-05 17:38:55
419,Burgeo,47.6167,-57.6152,68.04,77,60,10.98,CA,2022-09-05 17:38:56
420,Raudeberg,61.9875,5.1352,61.47,57,55,11.65,NO,2022-09-05 17:38:56
421,Ermelo,-26.5333,29.9833,62.62,22,47,4.03,ZA,2022-09-05 17:38:56
422,Coahuayana,18.7333,-103.6833,83.43,72,100,4.12,MX,2022-09-05 17:38:56
423,Aleppo,36.25,37.5,80.67,56,0,11.95,SY,2022-09-05 17:38:57
424,Deputatskiy,69.3,139.9,33.37,78,100,2.51,RU,2022-09-05 17:38:57
425,Erzin,36.9559,36.2,77.05,88,12,3.78,TR,2022-09-05 17:38:57
426,Jining,35.405,116.5814,67.75,80,0,4.85,CN,2022-09-05 17:38:57
427,Ararat,39.8317,44.7049,82.74,31,0,6.53,AM,2022-09-05 17:38:58
428,Xiaolingwei,32.0333,118.85,67.98,85,0,1.95,CN,2022-09-05 17:38:58
429,Champoton,19.35,-90.7167,90.01,50,100,2.39,MX,2022-09-05 17:38:58
430,Manokwari,-0.8667,134.0833,78.33,73,39,2.51,ID,2022-09-05 17:38:58
431,Katangli,51.7102,143.2326,57.47,80,100,5.5,RU,2022-09-05 17:38:59
432,Tilichiki,60.4667,166.1,34.09,78,5,7.02,RU,2022-09-05 17:38:59
433,San Policarpo,12.1791,125.5072,81.19,82,100,7.56,PH,2022-09-05 17:38:59
434,Namatanai,-3.6667,152.4333,77.23,80,90,6.67,PG,2022-09-05 17:39:00
435,Naze,28.3667,129.4833,77.92,88,100,23.38,JP,2022-09-05 17:39:00
436,Miri,4.4148,114.0089,73.54,88,40,4.61,MY,2022-09-05 17:39:00
437,Paredon,16.0333,-93.8667,81.77,75,100,3.33,MX,2022-09-05 17:39:01
438,Yelizovo,53.1873,158.3805,55.54,76,75,11.18,RU,2022-09-05 17:39:01
439,Hamilton,39.1834,-84.5333,82.26,80,75,8.05,US,2022-09-05 17:35:53
440,Klyuchi,52.2667,79.1667,63.32,28,94,6.24,RU,2022-09-05 17:39:01
441,Aklavik,68.2191,-135.0107,39.43,84,100,23.15,CA,2022-09-05 17:39:02
442,Sitka,57.0531,-135.33,55.29,88,100,3.44,US,2022-09-05 17:39:02
443,Clermont,49.5,2.4167,71.24,68,100,11.48,FR,2022-09-05 17:39:02
444,Akhmim,26.5622,31.745,90.79,23,0,10.6,EG,2022-09-05 17:39:03
445,Esso,55.9333,158.7,44.35,96,100,1.97,RU,2022-09-05 17:39:03
446,Rawson,-43.3002,-65.1023,80.44,13,89,22.08,AR,2022-09-05 17:39:03
447,Sistranda,63.7256,8.834,60.76,74,1,6.51,NO,2022-09-05 17:39:03
448,Merauke,-8.4667,140.3333,76.75,90,96,10.25,ID,2022-09-05 17:39:04
449,Erattupetta,9.7,76.7833,75.33,99,100,1.9,IN,2022-09-05 17:39:04
450,Ulaangom,49.9811,92.0667,56.39,41,36,2.71,MN,2022-09-05 17:39:04
451,Beringovskiy,63.05,179.3167,39.2,87,100,8.7,RU,2022-09-05 17:39:04
452,Kyshtovka,56.555,76.6271,47.5,96,100,0.65,RU,2022-09-05 17:39:05
453,Sohag,26.557,31.6948,90.7,24,0,10.96,EG,2022-09-05 17:39:05
454,Hailar,49.2,119.7,37.04,78,11,4.61,CN,2022-09-05 17:39:05
455,Nova Vicosa,-17.8919,-39.3719,73.56,74,92,15.19,BR,2022-09-05 17:39:06
456,Cap Malheureux,-19.9842,57.6142,69.48,76,4,13.0,MU,2022-09-05 17:39:06
457,Alot,23.7667,75.55,74.75,83,51,6.82,IN,2022-09-05 17:40:06
458,Udachnyy,66.4167,112.4,39.45,86,100,10.83,RU,2022-09-05 17:40:06
459,Yumen,40.2833,97.2,67.05,17,0,6.89,CN,2022-09-05 17:40:07
460,Logan,41.7355,-111.8344,95.11,31,0,3.44,US,2022-09-05 17:37:13
461,Bojnurd,37.4747,57.329,73.35,21,0,2.3,IR,2022-09-05 17:40:07
462,Lixourion,38.2019,20.4314,82.4,61,20,2.3,GR,2022-09-05 17:40:08
463,San Luis Obispo,35.3666,-120.5343,91.11,26,0,0.0,US,2022-09-05 17:40:08
464,West Wendover,40.7391,-114.0733,87.01,15,0,3.44,US,2022-09-05 17:40:08
465,Zuwarah,32.9312,12.082,84.76,68,6,14.27,LY,2022-09-05 17:40:09
466,Yatou,37.15,122.3833,64.81,86,78,7.52,CN,2022-09-05 17:40:09
467,Paragominas,-2.9667,-47.4833,90.61,41,62,7.4,BR,2022-09-05 17:40:09
468,Porto Novo,6.4965,2.6036,78.62,83,58,7.67,BJ,2022-09-05 17:40:10
469,Leningradskiy,69.3833,178.4167,32.13,99,100,4.61,RU,2022-09-05 17:40:10
470,Coquimbo,-29.9533,-71.3436,60.53,72,0,12.66,CL,2022-09-05 17:39:58
471,Numaligarh,26.6333,93.75,76.08,96,98,2.24,IN,2022-09-05 17:40:10
472,Banda Aceh,5.5577,95.3222,79.81,81,100,11.72,ID,2022-09-05 17:40:11
473,Owando,-0.4819,15.8999,75.63,80,100,4.09,CG,2022-09-05 17:40:11
474,Lethem,3.3803,-59.7968,87.42,61,92,0.56,GY,2022-09-05 17:40:11
475,Alta Floresta,-9.8756,-56.0861,102.02,21,14,10.36,BR,2022-09-05 17:40:11
476,Kamenka,51.3223,42.7678,50.45,47,96,6.87,RU,2022-09-05 17:40:12
477,Kavaratti,10.5669,72.642,77.5,91,100,26.75,IN,2022-09-05 17:40:12
478,Bad Doberan,54.1071,11.9005,66.97,59,86,18.97,DE,2022-09-05 17:40:12
479,Bokoro,12.3807,17.0568,80.85,68,91,5.46,TD,2022-09-05 17:40:13
480,Umm Kaddadah,13.6017,26.6876,91.09,36,35,8.14,SD,2022-09-05 17:40:13
481,Nagato,34.3833,131.2,81.57,82,100,44.72,JP,2022-09-05 17:40:13
482,Tautira,-17.7333,-149.15,77.16,76,6,14.34,PF,2022-09-05 17:40:14
483,Staryy Nadym,65.6118,72.6842,41.41,85,100,14.32,RU,2022-09-05 17:40:14
484,Imbituba,-28.24,-48.6703,68.86,70,79,11.27,BR,2022-09-05 17:40:14
485,Caarapo,-22.6342,-54.8222,75.07,43,54,3.36,BR,2022-09-05 17:40:15
486,Eureka,40.8021,-124.1637,56.01,68,28,7.43,US,2022-09-05 17:35:22
487,Harrisonburg,38.4496,-78.8689,77.81,83,100,3.36,US,2022-09-05 17:40:15
488,Mizdah,31.4451,12.9801,92.48,20,6,11.32,LY,2022-09-05 17:40:15
489,Klaksvik,62.2266,-6.589,58.12,97,85,18.84,FO,2022-09-05 17:40:16
490,Sabang,5.8933,95.3214,82.26,78,100,17.74,ID,2022-09-05 17:40:16
491,Partyzany,46.3314,34.7503,62.58,35,9,2.68,UA,2022-09-05 17:40:16
492,Hay River,60.8156,-115.7999,60.78,55,75,19.57,CA,2022-09-05 17:40:17
493,Paita,-5.0892,-81.1144,68.11,75,97,10.42,PE,2022-09-05 17:40:17
494,Kabompo,-13.5927,24.2008,76.15,22,10,5.03,ZM,2022-09-05 17:40:17
495,Alamosa,37.4695,-105.87,71.58,37,0,3.44,US,2022-09-05 17:40:17
496,Hervey Bay,-25.2986,152.8535,60.84,73,89,10.67,AU,2022-09-05 17:40:18
497,Burns Lake,54.2331,-125.7533,49.42,44,66,11.77,CA,2022-09-05 17:40:18
498,Arlit,18.7369,7.3853,103.06,14,5,3.74,NE,2022-09-05 17:40:18
499,Semnan,35.5729,53.3971,85.84,8,0,2.3,IR,2022-09-05 17:40:18
500,Gweta,-20.1833,25.2333,75.52,13,0,2.39,BW,2022-09-05 17:40:19
501,Xunchang,28.4543,104.715,70.25,67,74,2.53,CN,2022-09-05 17:40:19
502,Bayan,46.0833,127.4,53.65,89,100,6.06,CN,2022-09-05 17:40:19
503,Busembatia,0.7697,33.6131,64.47,90,42,3.98,UG,2022-09-05 17:40:20
504,Lagunas,-5.2269,-75.6753,93.09,33,36,6.31,PE,2022-09-05 17:41:20
505,Uglegorsk,49.0833,142.0333,60.69,88,100,6.55,RU,2022-09-05 17:41:20
506,Severnoye,56.3491,78.3619,48.58,90,100,2.13,RU,2022-09-05 17:41:21
507,Manlleu,42.0023,2.2848,81.36,66,0,7.0,ES,2022-09-05 17:41:21
508,Along,28.1667,94.7667,71.83,89,98,1.05,IN,2022-09-05 17:41:21
509,Nhulunbuy,-12.2333,136.7667,66.81,94,13,4.61,AU,2022-09-05 17:41:21
510,Axim,4.8699,-2.2405,75.97,86,61,7.52,GH,2022-09-05 17:41:22
511,Price,39.5994,-110.8107,89.11,16,0,3.44,US,2022-09-05 17:38:03
512,Killybegs,54.6333,-8.45,65.91,76,74,22.84,IE,2022-09-05 17:41:22
513,Rio Grande,-32.035,-52.0986,68.11,68,1,8.72,BR,2022-09-05 17:41:22
514,Sooke,48.3746,-123.7276,68.09,69,20,2.57,CA,2022-09-05 17:41:23
515,Soubre,5.7856,-6.6083,76.03,92,47,3.98,CI,2022-09-05 17:41:23
516,Ocean City,39.2776,-74.5746,91.02,71,100,4.0,US,2022-09-05 17:40:21
517,Kodiak,57.79,-152.4072,49.51,87,0,0.0,US,2022-09-05 17:41:23
518,Ouango,4.3133,22.5552,71.83,93,92,2.53,CF,2022-09-05 17:41:23
519,Brae,60.3964,-1.353,57.85,91,100,19.19,GB,2022-09-05 17:41:24
520,Noyon,49.5833,3.0,72.25,84,99,7.94,FR,2022-09-05 17:41:24
521,San Pedro,14.35,121.0167,81.36,89,75,1.14,PH,2022-09-05 17:41:16
522,Okhotsk,59.3833,143.3,47.97,84,33,3.85,RU,2022-09-05 17:41:24
523,Jacareacanga,-6.2222,-57.7528,105.46,17,28,3.65,BR,2022-09-05 17:41:25
524,Plettenberg Bay,-34.0527,23.3716,57.2,64,6,20.33,ZA,2022-09-05 17:41:25
525,Sao Filipe,14.8961,-24.4956,79.27,81,100,3.02,CV,2022-09-05 17:41:25
526,Dongsheng,39.8161,109.9776,52.77,25,0,7.43,CN,2022-09-05 17:41:25
527,Havoysund,70.9963,24.6622,48.43,89,100,24.0,NO,2022-09-05 17:41:26
528,Fortuna,40.5982,-124.1573,55.74,52,24,7.07,US,2022-09-05 17:41:26
529,Fare,-16.7,-151.0167,78.31,72,6,14.94,PF,2022-09-05 17:41:26
530,Mokhsogollokh,61.4681,128.9203,48.81,61,100,6.8,RU,2022-09-05 17:41:27
531,Santa Maria,-29.6842,-53.8069,65.5,59,0,10.36,BR,2022-09-05 17:38:17
532,Tual,-5.6667,132.75,80.17,82,99,15.79,ID,2022-09-05 17:41:27
533,Lorengau,-2.0226,147.2712,80.71,73,45,7.81,PG,2022-09-05 17:41:27
534,Kantunilkin,21.0917,-87.45,96.58,36,14,6.22,MX,2022-09-05 17:41:27
535,Deep River,46.1001,-77.4995,66.94,32,17,5.35,CA,2022-09-05 17:41:28
536,Shingu,33.7333,135.9833,78.15,90,100,9.64,JP,2022-09-05 17:41:28
537,Chon Buri,13.3,101.3,84.51,96,100,3.83,TH,2022-09-05 17:41:28
538,Berlevag,70.8578,29.0864,46.4,87,100,28.77,NO,2022-09-05 17:41:28
539,Kuytun,54.3419,101.5036,51.1,94,100,2.19,RU,2022-09-05 17:41:29
540,Ratangarh,28.0833,74.6,87.03,47,1,11.32,IN,2022-09-05 17:41:29
541,Murakami,38.2333,139.4833,71.87,89,100,6.33,JP,2022-09-05 17:41:29
542,Nome,64.5011,-165.4064,48.27,88,100,8.05,US,2022-09-05 17:41:30
